timestamp,sensor_id,corrente_a,corrente_b,corrente_c,desequilibrio_corrente,tensao_a,tensao_b,tensao_c,desequilibrio_tensao,fator_potencia_medio,temp_compressor,temp_camara,porta_aberta,health_score,status_risco,prejuizo_previsto
2026-05-23 12:55:30,estoque_compressor_1,132.0,170.0,138.0,15.91,221.0,214.0,225.0,2.73,0.897,76.5,-14.2,0,72.5,WARNING,0.0
2026-05-23 12:55:51,estoque_compressor_1,135.0,137.0,134.0,1.23,220.0,220.0,220.0,0.0,0.95,,-5.7,1,100.0,CRITICAL,925.35
2026-05-23 12:55:53,estoque_compressor_1,110.0,180.0,125.0,30.12,220.0,220.0,220.0,0.0,0.95,,-5.7,1,55.0,CRITICAL,925.35
2026-05-23 12:55:56,estoque_compressor_1,135.0,137.0,134.0,1.23,220.0,220.0,220.0,0.0,0.95,,-7.5,1,100.0,CRITICAL,7109.38
2026-05-23 12:58:17,estoque_compressor_1,135.0,137.0,134.0,1.23,220.0,220.0,220.0,0.0,0.95,,-7.5,1,100.0,CRITICAL,7109.38
2026-05-23 12:58:29,estoque_compressor_1,135.0,137.0,134.0,1.23,220.0,220.0,220.0,0.0,0.95,,-7.5,1,100.0,CRITICAL,7109.38
2026-05-23 12:59:31,estoque_compressor_1,135.0,137.0,134.0,1.23,220.0,220.0,220.0,0.0,0.95,,-7.5,1,100.0,CRITICAL,7109.38
2026-05-23 12:59:56,estoque_compressor_1,135.0,137.0,134.0,1.23,220.0,220.0,220.0,0.0,0.81,,-5.7,1,90.8,CRITICAL,925.35
2026-05-23 13:06:09,estoque_compressor_1,135.0,137.0,134.0,1.23,220.0,220.0,220.0,0.0,0.95,,-4.6,1,100.0,CRITICAL,5443.75
2026-05-23 13:06:11,estoque_compressor_1,110.0,180.0,125.0,30.12,220.0,220.0,220.0,0.0,0.95,,-4.6,1,55.0,CRITICAL,5443.75
2026-05-23 13:06:14,estoque_compressor_1,135.0,137.0,134.0,1.23,220.0,220.0,220.0,0.0,0.95,,-7.5,1,100.0,CRITICAL,7109.38
2026-05-23 13:11:17,estoque_compressor_1,135.0,137.0,134.0,1.23,220.0,220.0,220.0,0.0,0.95,,-5.2,223.0,100.0,CRITICAL,5200.0
2026-05-23 13:11:20,estoque_compressor_1,110.0,180.0,125.0,30.12,220.0,220.0,220.0,0.0,0.95,,-5.2,223.0,55.0,CRITICAL,5200.0
2026-05-23 13:11:22,estoque_compressor_1,135.0,137.0,134.0,1.23,220.0,220.0,220.0,0.0,0.95,,-7.5,900.0,100.0,CRITICAL,7109.38
2026-05-23 13:12:21,estoque_compressor_1,135.0,137.0,134.0,1.23,220.0,220.0,220.0,0.0,0.95,,-5.3,223.0,100.0,CRITICAL,5541.55
2026-05-23 13:15:58,estoque_compressor_1,135.0,137.0,134.0,1.23,220.0,220.0,220.0,0.0,0.81,,-5.5,223.0,90.8,CRITICAL,5642.36
2026-05-23 13:17:13,estoque_compressor_1,135.0,137.0,134.0,1.23,220.0,220.0,220.0,0.0,0.95,,-5.5,223.0,100.0,CRITICAL,5454.28
2026-05-23 13:17:32,estoque_compressor_1,135.0,137.0,134.0,1.23,220.0,220.0,220.0,0.0,0.95,,-5.5,223.0,100.0,CRITICAL,5454.28
2026-05-23 13:17:47,estoque_compressor_1,135.0,137.0,134.0,1.23,220.0,220.0,220.0,0.0,0.95,,-5.5,223.0,100.0,CRITICAL,5454.28
2026-05-23 13:21:14,estoque_compressor_1,135.0,137.0,134.0,1.23,220.0,220.0,220.0,0.0,0.95,,-4.4,224.0,100.0,CRITICAL,2046.3
2026-05-23 13:21:15,estoque_compressor_2,135.0,137.0,134.0,1.23,220.0,220.0,220.0,0.0,0.95,,-4.4,224.0,100.0,CRITICAL,2046.3
2026-05-23 13:22:10,estoque_compressor_1,135.0,137.0,134.0,1.23,220.0,220.0,220.0,0.0,0.95,,-5.6,223.0,100.0,CRITICAL,5597.22
2026-05-23 13:22:27,estoque_compressor_1,135.0,137.0,134.0,1.23,220.0,220.0,220.0,0.0,0.95,,-5.6,223.0,100.0,CRITICAL,5597.22
2026-05-23 13:23:30,estoque_compressor_1,135.0,137.0,134.0,1.23,220.0,220.0,220.0,0.0,0.95,,-5.6,223.0,100.0,CRITICAL,5597.22
2026-05-23 13:24:32,estoque_compressor_1,135.0,137.0,134.0,1.23,220.0,220.0,220.0,0.0,0.95,,-5.6,223.0,100.0,CRITICAL,5597.22
2026-05-23 13:28:28,estoque_compressor_1,135.0,137.0,134.0,1.23,220.0,220.0,220.0,0.0,0.95,,-5.4,223.0,100.0,CRITICAL,1895.83
2026-05-23 17:26:57,estoque_compressor_2,52.0,73.0,55.0,21.67,223.0,224.0,223.0,0.3,0.885,,-5.4,223.0,52.1,CRITICAL,1895.83
2026-05-23 13:28:58,estoque_compressor_1,135.0,137.0,134.0,1.23,220.0,220.0,220.0,0.0,0.95,,-5.4,223.0,100.0,CRITICAL,1895.83
2026-05-23 17:26:57,estoque_compressor_2,52.0,73.0,55.0,21.67,223.0,224.0,223.0,0.3,0.885,,-5.4,223.0,52.1,CRITICAL,1895.83
2026-05-23 13:30:01,estoque_compressor_1,135.0,137.0,134.0,1.23,220.0,220.0,220.0,0.0,0.95,,-5.4,223.0,100.0,CRITICAL,1895.83
2026-05-23 17:26:57,estoque_compressor_2,52.0,73.0,55.0,21.67,223.0,224.0,223.0,0.3,0.885,,-5.4,223.0,52.1,CRITICAL,1895.83
2026-05-23 13:31:04,estoque_compressor_1,135.0,137.0,134.0,1.23,220.0,220.0,220.0,0.0,0.95,,-5.6,223.0,100.0,CRITICAL,1865.74
2026-05-23 17:26:57,estoque_compressor_2,52.0,73.0,55.0,21.67,223.0,224.0,223.0,0.3,0.885,,-5.6,223.0,52.1,CRITICAL,1865.74
2026-05-23 13:32:07,estoque_compressor_1,135.0,137.0,134.0,1.23,220.0,220.0,220.0,0.0,0.95,,-5.6,223.0,100.0,CRITICAL,1865.74
2026-05-23 17:26:57,estoque_compressor_2,52.0,73.0,55.0,21.67,223.0,224.0,223.0,0.3,0.885,,-5.6,223.0,52.1,CRITICAL,1865.74
2026-05-23 13:34:05,estoque_compressor_1,135.0,137.0,134.0,1.23,220.0,220.0,220.0,0.0,0.95,,-6.1,119.0,100.0,CRITICAL,5550.58
2026-05-23 13:34:08,estoque_compressor_1,110.0,180.0,125.0,30.12,220.0,220.0,220.0,0.0,0.95,,-6.1,119.0,55.0,CRITICAL,5550.58
2026-05-23 13:34:10,estoque_compressor_1,135.0,137.0,134.0,1.23,220.0,220.0,220.0,0.0,0.95,,-7.5,900.0,100.0,CRITICAL,7109.38
